stage,model,task,method,placement,rank,bias,n,mean,reused
common,qwen25_7b_base,cluener,none,none,0,False,5,69.1885333384414,5
common,qwen25_7b_base,cluener,affine,e,16,True,5,69.59351143930473,3
common,qwen25_7b_base,cluener,affine,e,8,True,3,69.52163709912942,3
common,qwen25_7b_base,cluener,affine,u,16,False,5,70.41373351548616,3
common,qwen25_7b_base,cluener,affine,u,8,False,3,70.07139235734081,3
common,qwen25_7b_base,cluener,affine,eu,16,True,5,70.46588022828941,5
common,qwen25_7b_base,cluener,affine,eu,8,True,3,70.20319877780196,3
common,qwen25_7b_base,wikisql,none,none,0,False,5,81.484375,5
common,qwen25_7b_base,wikisql,affine,e,16,True,5,82.1484375,3
common,qwen25_7b_base,wikisql,affine,e,8,True,3,82.16145833333333,3
common,qwen25_7b_base,wikisql,affine,u,16,False,5,81.9921875,3
common,qwen25_7b_base,wikisql,affine,u,8,False,3,81.80338541666667,3
common,qwen25_7b_base,wikisql,affine,eu,16,True,5,82.12890625,5
common,qwen25_7b_base,wikisql,affine,eu,8,True,3,82.12890625,3
common,qwen3_8b_base,cluener,none,none,0,False,5,70.62503768000354,3
common,qwen3_8b_base,cluener,affine,e,16,True,5,70.95573517123512,3
common,qwen3_8b_base,cluener,affine,e,8,True,3,70.61927815424862,3
common,qwen3_8b_base,cluener,affine,u,16,False,5,71.95427429101579,3
common,qwen3_8b_base,cluener,affine,u,8,False,3,71.34165951007581,3
common,qwen3_8b_base,cluener,affine,eu,16,True,5,72.15842712190053,3
common,qwen3_8b_base,cluener,affine,eu,8,True,3,71.58524980769003,3
common,qwen3_8b_base,wikisql,none,none,0,False,5,83.14453125,3
common,qwen3_8b_base,wikisql,affine,e,16,True,5,83.359375,3
common,qwen3_8b_base,wikisql,affine,e,8,True,3,83.04036458333333,3
common,qwen3_8b_base,wikisql,affine,u,16,False,5,83.96484375,3
common,qwen3_8b_base,wikisql,affine,u,8,False,3,83.36588541666667,3
common,qwen3_8b_base,wikisql,affine,eu,16,True,5,84.1015625,3
common,qwen3_8b_base,wikisql,affine,eu,8,True,3,83.65885416666667,3
common,llama31_8b_base,cluener,none,none,0,False,5,70.71128139698413,3
common,llama31_8b_base,cluener,affine,eu,16,True,5,71.80689747824691,3
common,llama31_8b_base,wikisql,none,none,0,False,5,80.859375,3
common,llama31_8b_base,wikisql,affine,eu,16,True,5,80.99609375,3
common,qwen25_15b_base,cluener,none,none,0,False,5,59.17261475217774,5
common,qwen25_15b_base,cluener,affine,shared,16,True,5,61.86051776512388,3
common,qwen25_15b_base,cluener,affine,shared,8,True,5,61.43313362673757,3
common,qwen25_15b_base,cluener,affine,shared,32,True,5,62.59827051911738,3
common,qwen25_15b_base,wikisql,none,none,0,False,5,70.25390625,5
common,qwen25_15b_base,wikisql,affine,shared,16,True,5,72.28515625,3
common,qwen25_15b_base,wikisql,affine,shared,8,True,5,72.40234375,3
common,qwen25_15b_base,wikisql,affine,shared,32,True,5,72.48046875,3
common,qwen3_06b_base,cluener,none,none,0,False,5,60.8166241985942,5
common,qwen3_06b_base,cluener,affine,shared,16,True,5,62.44115076876882,3
common,qwen3_06b_base,cluener,affine,shared,8,True,5,61.921601746788895,3
common,qwen3_06b_base,cluener,affine,shared,32,True,5,62.69292329694093,3
common,qwen3_06b_base,wikisql,none,none,0,False,5,70.21484375,5
common,qwen3_06b_base,wikisql,affine,shared,16,True,5,71.66015625,3
common,qwen3_06b_base,wikisql,affine,shared,8,True,5,71.46484375,3
common,qwen3_06b_base,wikisql,affine,shared,32,True,5,71.93359375,3
confirmation,qwen3_4b_base,wikisql,vocab,shared,1,False,5,82.63671875,0
common,llama31_8b_base,wikisql,vocab,u,1,False,5,80.76171875,0
common,qwen25_7b_base,wikisql,vocab,eu,1,False,5,82.05078125,0
common,llama31_8b_base,cluener,vocab,e,1,False,5,67.58965184865477,0
common,qwen25_7b_base,cluener,affine,e,16,False,3,69.23771491050009,0
common,qwen3_8b_base,wikisql,vocab,e,1,False,5,84.04296875,0
confirmation,llama31_8b_base,cluener,affine,eu,16,True,5,71.62900546733951,0
common,qwen3_8b_base,cluener,vocab,e,1,False,5,71.46680864394585,0
confirmation,qwen3_4b_base,cluener,affine,shared,16,True,5,69.393912300155,0
common,qwen25_7b_base,cluener,vocab,e,1,False,5,70.67764204363388,0
common,llama31_8b_base,cluener,vocab,eu,1,False,5,67.85146432488715,0
common,qwen25_7b_base,wikisql,affine,e,16,False,3,81.54296875,0
common,qwen3_8b_base,cluener,affine,e,16,False,3,71.06713336923353,0
subset1,qwen3_06b_base,cluener,affine,shared,16,True,3,51.30543110171363,0
common,qwen25_15b_base,wikisql,vocab,shared,2,False,3,70.41015625,0
subset0,qwen3_06b_base,cluener,vocab,shared,1,False,3,48.34428420724114,0
confirmation,llama31_8b_base,wikisql,affine,eu,16,True,5,81.6796875,0
common,llama31_8b_base,wikisql,affine,eu,8,True,3,80.95703125,0
common,qwen25_15b_base,wikisql,vocab,shared,1,False,5,71.15234375,0
common,llama31_8b_base,wikisql,affine,eu,32,True,3,80.82682291666667,0
common,qwen25_7b_base,cluener,vocab,u,1,False,5,69.63336650425575,0
common,qwen25_15b_base,cluener,vocab,shared,2,False,3,61.411211773492546,0
confirmation,qwen25_7b_base,cluener,vocab,eu,1,False,5,69.93370532026518,0
common,qwen3_4b_base,cluener,affine,shared,16,True,5,69.62725481730412,0
common,qwen25_7b_base,wikisql,vocab,u,1,False,5,81.58203125,0
common,qwen3_8b_base,wikisql,vocab,eu,1,False,5,83.984375,0
common,qwen3_06b_base,cluener,vocab,shared,2,False,3,61.14793846538811,0
common,llama31_8b_base,cluener,affine,e,16,True,5,71.3537405798879,0
common,qwen25_15b_base,wikisql,affine,shared,16,False,3,71.64713541666667,0
confirmation,qwen3_8b_base,wikisql,vocab,eu,1,False,5,84.08203125,0
confirmation,qwen25_7b_base,wikisql,affine,eu,16,True,5,82.24609375,0
common,qwen3_4b_base,wikisql,vocab,shared,1,False,5,81.19140625,0
common,llama31_8b_base,cluener,affine,eu,8,True,3,70.93214091130098,0
common,qwen3_4b_base,wikisql,none,none,0,False,5,80.9765625,0
subset0,qwen3_06b_base,wikisql,vocab,shared,1,False,3,60.9375,0
confirmation,qwen3_8b_base,cluener,affine,eu,16,True,5,71.67440036339876,0
common,qwen3_4b_base,wikisql,affine,shared,8,True,5,81.8359375,0
common,llama31_8b_base,wikisql,affine,eu,16,False,3,80.859375,0
subset0,qwen3_06b_base,cluener,none,none,0,False,3,48.87559330261829,0
common,qwen3_4b_base,wikisql,affine,shared,32,True,5,82.1875,0
common,qwen3_06b_base,cluener,affine,shared,16,False,3,61.91757307471093,0
common,qwen3_8b_base,wikisql,affine,e,16,False,3,82.51953125,0
common,qwen25_15b_base,cluener,vocab,shared,1,False,5,61.82540196689198,0
confirmation,llama31_8b_base,cluener,vocab,eu,1,False,5,70.78233829582919,0
common,qwen3_4b_base,cluener,vocab,shared,1,False,5,69.4403962844941,0
common,qwen25_15b_base,cluener,affine,shared,16,False,3,60.45137477633701,0
common,qwen25_7b_base,wikisql,affine,eu,32,True,3,82.25911458333333,0
common,qwen3_06b_base,wikisql,vocab,shared,2,False,3,69.07552083333333,0
subset0,qwen3_06b_base,cluener,affine,shared,16,True,3,50.881984718112335,0
common,llama31_8b_base,wikisql,affine,u,16,False,5,80.78125,0
common,qwen25_7b_base,wikisql,vocab,e,1,False,5,81.85546875,0
common,qwen25_7b_base,wikisql,vocab,eu,2,False,3,81.86848958333333,0
subset1,qwen3_06b_base,wikisql,none,none,0,False,3,59.016927083333336,0
common,llama31_8b_base,cluener,affine,eu,32,True,3,71.28881840058845,0
common,llama31_8b_base,cluener,affine,u,16,False,5,71.05721954207645,0
common,qwen25_7b_base,cluener,vocab,eu,1,False,5,70.716272894105,0
common,qwen3_4b_base,cluener,affine,shared,8,True,5,69.58914363195204,0
subset1,qwen3_06b_base,wikisql,vocab,shared,1,False,3,60.091145833333336,0
confirmation,qwen3_8b_base,wikisql,affine,eu,16,True,5,84.3359375,0
confirmation,qwen25_7b_base,wikisql,vocab,eu,1,False,5,82.0703125,0
common,qwen3_4b_base,cluener,affine,shared,32,True,5,69.97175272234213,0
confirmation,qwen3_4b_base,wikisql,affine,shared,16,True,5,82.5,0
common,qwen3_4b_base,wikisql,affine,shared,16,True,5,82.1484375,0
common,qwen3_06b_base,wikisql,affine,shared,16,False,3,72.36328125,0
common,qwen3_8b_base,wikisql,affine,eu,16,False,3,83.82161458333333,0
subset0,qwen3_06b_base,wikisql,none,none,0,False,3,59.114583333333336,0
common,qwen25_7b_base,cluener,vocab,eu,2,False,3,70.32660365342858,0
common,qwen3_4b_base,cluener,affine,shared,16,False,3,69.8845857627554,0
common,qwen3_06b_base,cluener,vocab,shared,1,False,5,61.19978235316754,0
common,qwen3_8b_base,cluener,vocab,u,1,False,5,70.64616080208674,0
common,llama31_8b_base,wikisql,vocab,eu,2,False,3,79.39453125,0
common,qwen3_4b_base,wikisql,affine,shared,16,False,3,82.12890625,0
common,llama31_8b_base,cluener,vocab,u,1,False,5,70.5948181390118,0
common,llama31_8b_base,cluener,affine,e,16,False,3,70.31331200636703,0
common,qwen3_8b_base,cluener,affine,eu,16,False,3,71.59537425140617,0
common,llama31_8b_base,wikisql,affine,e,16,True,5,80.8203125,0
common,qwen3_4b_base,wikisql,vocab,shared,2,False,3,80.11067708333333,0
confirmation,llama31_8b_base,wikisql,vocab,eu,1,False,5,81.07421875,0
common,qwen25_7b_base,cluener,affine,eu,16,False,3,70.16010810550726,0
common,qwen3_8b_base,cluener,vocab,eu,2,False,3,71.58029699155962,0
common,qwen3_8b_base,cluener,affine,eu,32,True,3,71.0204213808297,0
common,qwen3_8b_base,wikisql,vocab,u,1,False,5,83.02734375,0
common,qwen25_7b_base,wikisql,affine,eu,16,False,3,82.29166666666667,0
confirmation,qwen25_7b_base,cluener,affine,eu,16,True,5,69.68316795462817,0
common,qwen3_4b_base,cluener,vocab,shared,2,False,3,68.71582105742498,0
common,qwen3_8b_base,cluener,vocab,eu,1,False,5,71.5108437554074,0
common,llama31_8b_base,wikisql,vocab,eu,1,False,5,80.78125,0
subset1,qwen3_06b_base,cluener,none,none,0,False,3,48.921512403260856,0
common,llama31_8b_base,cluener,affine,eu,16,False,3,70.9784900907974,0
common,llama31_8b_base,wikisql,affine,e,16,False,3,80.43619791666667,0
common,qwen3_06b_base,wikisql,vocab,shared,1,False,5,70.56640625,0
confirmation,qwen3_8b_base,cluener,vocab,eu,1,False,5,71.20664146519069,0
common,llama31_8b_base,wikisql,vocab,e,1,False,5,80.76171875,0
subset0,qwen3_06b_base,wikisql,affine,shared,16,True,3,61.42578125,0
subset1,qwen3_06b_base,wikisql,affine,shared,16,True,3,60.44921875,0
common,llama31_8b_base,cluener,vocab,eu,2,False,3,65.25362854755303,0
common,qwen3_8b_base,wikisql,affine,eu,32,True,3,83.203125,0
subset1,qwen3_06b_base,cluener,vocab,shared,1,False,3,49.03612269979467,0
common,qwen3_8b_base,wikisql,vocab,eu,2,False,3,83.52864583333333,0
confirmation,qwen3_4b_base,cluener,vocab,shared,1,False,5,69.41823997345642,0
common,qwen25_7b_base,cluener,affine,eu,32,True,3,70.53434363687377,0
common,qwen3_4b_base,cluener,none,none,0,False,5,68.67958293043213,0
