model,control,split,metric,primary,mean,nominal_lo,nominal_hi,corrected_lo,corrected_hi,seed_1001,seed_1002,seed_1003,seed_1004,seed_1005
qwen3_06b_chat,none,public,answer_set_probability,True,0.0032667223238792785,0.001207813699362723,0.005325630948395834,6.713356403256505e-05,0.006466311083725992,0.0028208539039152325,0.0009858236946216348,0.0029000779126898135,0.00423119635713981,0.005395659751029902
qwen3_06b_chat,none,public,answer_set_nll,False,-0.008693456280068634,-0.012139327752606375,-0.0052475848075308916,,,-0.007928647041495651,-0.004756884829324015,-0.01117991050154088,-0.00805591133063932,-0.011545927697343306
qwen3_06b_chat,none,public,content_micro_ce,False,-0.001148128691743039,-0.0017501782830527473,-0.0005460791004333307,,,-0.0016796290643299183,-0.0003623963560406007,-0.0011308512190075781,-0.0012427560594522602,-0.001325010759884837
qwen3_06b_chat,none,public,content_macro_ce,False,-0.0010442617466469017,-0.0023897443287436144,0.00030122083544981094,,,-0.0013875825526771246,0.0007001562461474431,-0.001166274259670197,-0.0010908940113649734,-0.002276714155669657
qwen3_06b_chat,none,public,total_micro_ce,False,-0.0009346893645176713,-0.001520221568342074,-0.0003491571606932686,,,-0.0012204224003788122,-0.0002445861771811775,-0.0014992539684480222,-0.0008602984153392723,-0.0008488858612410721
qwen3_06b_chat,none,public,eos_ce,False,0.0008148633189763554,-0.0030419166678032784,0.004671643305755989,,,0.002543674224346759,0.0007210986253706753,-0.004519034939787503,0.00227468990325691,0.0030538887816949356
qwen3_06b_chat,none,public,content_top1,False,0.00052553121604888,0.0003819388718722401,0.00066912356022552,,,0.0005179514388943263,0.00039162181965179954,0.0005684832865913148,0.0006948129058338415,0.0004547866292731184
qwen3_06b_chat,none,public,first_ce,False,-0.004437275687019326,-0.008464952164139325,-0.0004095992098993263,,,-0.005959988346756706,0.0009360040505681511,-0.005193782985323692,-0.00432018949714541,-0.007648421656438975
qwen3_06b_chat,none,public,first_top1,False,0.003852127990059029,0.002533355960171814,0.005170900019946243,,,0.004349176762969864,0.002278140209174717,0.003313658486072346,0.004349176762969864,0.004970487729108353
qwen3_06b_chat,none,public,rest_ce,False,-0.0006911094757117958,-0.0010124467170340024,-0.00036977223438958915,,,-0.001084883239227813,-0.0005428060296665121,-0.0005663164343663873,-0.0008151539428234433,-0.00044638773247482333
qwen3_06b_chat,none,public,rest_top1,False,6.330844160515881e-05,-0.00012977029884036632,0.00025638718205068395,,,-1.438828218303101e-05,0.00012949453964694602,0.000187047668378848,0.000187047668378848,-0.000172659386195817
qwen3_06b_chat,none,public,em,False,0.0021124572848711274,-0.0009174245707062661,0.005142339140448521,,,0.0009319664492078994,-0.0012426219322770882,0.0024852438645542874,0.003106554830692776,0.0052811432121777635
qwen3_06b_chat,none,public,f1,False,0.001868698358156906,-0.0005321738198382487,0.0042695705361520606,,,1.9630977673879002e-05,0.0013621433991031218,0.002734581376366396,0.0004433080699685066,0.004783827967672627
qwen3_06b_chat,none,public,avg,False,0.001990577821514261,-0.0004698203717690276,0.004450976014797549,,,0.0004757987134409447,5.97607334135164e-05,0.0026099126204601752,0.0017749314503305857,0.005032485589926083
qwen3_06b_chat,none,public,generated_tokens,False,-0.012674743709226633,-0.14014934460021422,0.11479985718176094,,,0.11556383970177109,0.0739360049704878,-0.05187946567257029,-0.07548928238583485,-0.1255048151599869
qwen3_06b_chat,none,public,hit_token_cap,False,-0.00012426219322771045,-0.00033553506699542,8.701068053999908e-05,,,0.0,0.0,-0.00031065548306927616,0.0,-0.00031065548306927616
qwen3_06b_chat,none,internal,answer_set_probability,False,0.0035537488691051444,0.0022406031567001206,0.004866894581510168,,,0.0031118946584134943,0.0028793982076396607,0.0025355221068164013,0.004116414237943511,0.005125515134712655
qwen3_06b_chat,none,internal,answer_set_nll,False,-0.02521932543321803,-0.03021471731457119,-0.020223933551864873,,,-0.02807183139369762,-0.02523170578659162,-0.018303753925923427,-0.026707722108512133,-0.027781613951365358
qwen3_06b_chat,none,internal,content_micro_ce,False,-0.0016633957320132176,-0.0022681339532862523,-0.001058657510740183,,,-0.0019505847333900206,-0.0015154087451051401,-0.0008888849148821765,-0.0018348091591582905,-0.00212729110753046
qwen3_06b_chat,none,internal,content_macro_ce,False,-0.0022341982437550758,-0.004076254329571966,-0.000392142157938186,,,-0.0016147661621630505,-0.0015000443805213703,-0.0006921153878312047,-0.002872589314494578,-0.004491475973765174
qwen3_06b_chat,none,internal,total_micro_ce,False,-0.0016561560333044623,-0.0019842039989382467,-0.0013281080676706778,,,-0.0018434804313735287,-0.0016569690525498615,-0.0012020096483869314,-0.0017538992160183176,-0.0018244218181936722
qwen3_06b_chat,none,internal,eos_ce,False,-0.001553152304398986,-0.005482398492816584,0.0023760938840186115,,,-0.0003196404301149536,-0.0036710362283151055,-0.00565703139181295,-0.0006027427681865594,0.002484689296434639
qwen3_06b_chat,none,internal,content_top1,False,0.00010939422945441813,-0.00028240927993116675,0.000501197738840003,,,-0.00020511418022695072,0.00041022836045401245,0.000478599753862996,0.0,-0.00013674278681796714
qwen3_06b_chat,none,internal,first_ce,False,-0.012480784447026627,-0.017620040726807572,-0.007341528167245683,,,-0.014241134527036126,-0.01308527004955784,-0.008626191820885865,-0.008271184321837266,-0.01818014151581604
qwen3_06b_chat,none,internal,first_top1,False,0.002529182879377423,-0.00025148364882006564,0.0053098494075749115,,,0.0009727626459143934,0.0019455252918287869,0.004863813229571967,0.004863813229571967,0.0
qwen3_06b_chat,none,internal,rest_ce,False,-0.0008456081456745202,-0.0013358448917040933,-0.00035537139964494707,,,-0.0010214271228686997,-0.0006407347179704023,-0.000303949520017395,-0.0013482233621858047,-0.0009137060053302989
qwen3_06b_chat,none,internal,rest_top1,False,-7.35402265039431e-05,-0.00042719105652512925,0.000280110603517243,,,-0.00029416090601563916,0.00029416090601552813,0.00014708045300770856,-0.00036770113251949343,-0.00014708045300781958
qwen3_06b_chat,hidden_budget,public,answer_set_probability,True,0.003191527539776673,0.0011939473477658325,0.0051891077317875135,8.724449722490729e-05,0.006295810582328439,0.0025312098921562165,0.001002298261476131,0.0031982931663342984,0.0038769272645120534,0.005348909114404665
qwen3_06b_chat,hidden_budget,public,answer_set_nll,False,-0.008419784549806585,-0.01293910409691891,-0.003900465002694261,,,-0.005224618317763996,-0.004455138207419829,-0.012830455114040351,-0.008410506987682309,-0.011178204122126445
qwen3_06b_chat,hidden_budget,public,content_micro_ce,False,-0.001154242127638222,-0.0016068962387719543,-0.0007015880165044898,,,-0.0014762452999259323,-0.0005341093404731545,-0.0011872947609025686,-0.001227099660703529,-0.0013464615761859255
qwen3_06b_chat,hidden_budget,public,content_macro_ce,False,-0.001069193652686895,-0.002508140594214049,0.000369753288840259,,,-0.0009171981485797676,0.0006208685776341039,-0.0014260104770715265,-0.0010173441824430918,-0.002606284032974193
qwen3_06b_chat,hidden_budget,public,total_micro_ce,False,-0.000929317051708195,-0.0016058822311908168,-0.0002527518722255733,,,-0.0009425402275373695,-0.00019225031901826117,-0.001726993531726756,-0.0009431295171389853,-0.0008416716631196031
qwen3_06b_chat,hidden_budget,public,eos_ce,False,0.000914383803675134,-0.0040919203073421,0.005920687914692368,,,0.00343221654164938,0.0026099528932018168,-0.00615088038074324,0.0013845611346401943,0.0032960688296275187
qwen3_06b_chat,hidden_budget,public,content_top1,False,0.0005811162485156007,0.0004850601572935396,0.0006771723397376618,,,0.0004674195911973378,0.0005558503246670954,0.0006695469819852917,0.0006316480962126336,0.0005811162485156451
qwen3_06b_chat,hidden_budget,public,first_ce,False,-0.00451294062368679,-0.008537701507635324,-0.00048817973973825594,,,-0.0035244333899362434,0.00031754400743633227,-0.006463475390483531,-0.004654189379873497,-0.00824014896557701
qwen3_06b_chat,hidden_budget,public,first_top1,False,0.004079942010976523,0.0023179268066979234,0.005841957215255123,,,0.0026923475199337465,0.003831417624521105,0.004142073107590405,0.003313658486072346,0.006420213316765011
qwen3_06b_chat,hidden_budget,public,rest_ce,False,-0.0006875588946438721,-0.0010817751719014836,-0.00029334261738626053,,,-0.00119165439640994,-0.0006524445641508947,-0.00045418190871508723,-0.0007509136285884024,-0.0003885999753550362
qwen3_06b_chat,hidden_budget,public,rest_top1,False,9.49626624077382e-05,-0.00014157701145817769,0.0003315023362736541,,,0.000158271104012786,0.00010071797528099502,0.000187047668378848,0.00025898907929389203,-0.00023021251492783001
qwen3_06b_chat,hidden_budget,public,em,False,0.0024852438645542652,-0.0020048224988209605,0.0069753102279294914,,,-0.0009319664492077884,-0.0012426219322770882,0.0052811432121777635,0.0024852438645542874,0.0068344206275241515
qwen3_06b_chat,hidden_budget,public,f1,False,0.002043559744733958,-0.0008223897144919146,0.004909509203959831,,,-0.0004979574113951335,0.0013178573305012709,0.003655880485484153,0.0005955543499609472,0.005146463969118553
qwen3_06b_chat,hidden_budget,public,avg,False,0.0022644018046442892,-0.0013074510920797625,0.005836254701368341,,,-0.0007149619303015164,3.7617699112368896e-05,0.004468511848830459,0.0015403991072578949,0.0059904422983222405
qwen3_06b_chat,hidden_budget,public,generated_tokens,False,-0.02037899968934447,-0.16112188850157172,0.12036388912288278,,,0.11401056228642403,0.08698353525939773,-0.13171792482137334,-0.06430568499533962,-0.10686548617583114
qwen3_06b_chat,hidden_budget,public,hit_token_cap,False,-6.213109661385523e-05,-0.0002346346756879651,0.00011037248246025466,,,0.0,0.0,-0.00031065548306927616,0.0,0.0
qwen3_06b_chat,hidden_budget,internal,answer_set_probability,False,0.003333451206189164,0.0022324991927221488,0.0044344032196561795,,,0.00300125161627679,0.002912626971302623,0.002450509382274202,0.003543346784541046,0.00475952127655116
qwen3_06b_chat,hidden_budget,internal,answer_set_nll,False,-0.02326400115072813,-0.02836121516192171,-0.01816678713953455,,,-0.027109020626936875,-0.022558136214029467,-0.016549028972794755,-0.0256186730217558,-0.024485146918123757
qwen3_06b_chat,hidden_budget,internal,content_micro_ce,False,-0.0015703896595102129,-0.0022546970152418186,-0.000886082303778607,,,-0.0019890648957612833,-0.0014395979098778544,-0.000672249384850776,-0.001753697986819014,-0.001997338120242137
qwen3_06b_chat,hidden_budget,internal,content_macro_ce,False,-0.002189735897500067,-0.004039259567461692,-0.00034021222753844176,,,-0.0015144410907258765,-0.0017271262039504354,-0.0006259969460570003,-0.0025133484898842706,-0.004567766756882752
qwen3_06b_chat,hidden_budget,internal,total_micro_ce,False,-0.0015277496603391227,-0.0018624842970777972,-0.0011930150236004482,,,-0.0017802525363799226,-0.001481395427879284,-0.0010867766567032588,-0.0016823812358735812,-0.001607942444859567
qwen3_06b_chat,hidden_budget,internal,eos_ce,False,-0.0009210836799147914,-0.005971525377825733,0.004129358017996149,,,0.0011906517129495198,-0.0020760749009209323,-0.0069845158377503935,-0.0006677131431413463,0.003932233769289195
qwen3_06b_chat,hidden_budget,internal,content_top1,False,8.204567209080249e-05,-0.0003088370287142362,0.00047292837289584117,,,-0.00041022836045401245,0.00041022836045401245,0.0002734855736360453,0.0,0.00013674278681796714
qwen3_06b_chat,hidden_budget,internal,first_ce,False,-0.011660955547616102,-0.016039789696333996,-0.007282121398898208,,,-0.013069339703763116,-0.012346615490289814,-0.00808200137105386,-0.00831793929456559,-0.016488881878408135
qwen3_06b_chat,hidden_budget,internal,first_top1,False,0.0027237354085603016,-0.002499405925154862,0.007946876742275465,,,-0.0038910505836575737,0.0029182879377431803,0.0077821011673151474,0.0029182879377431803,0.0038910505836575737
qwen3_06b_chat,hidden_budget,internal,rest_ce,False,-0.0008075494085194562,-0.0013800180307965786,-0.00023508078624233375,,,-0.0011514032909203803,-0.0006150344393187554,-0.00011207692994450597,-0.0012574455920284638,-0.0009017867903851756
qwen3_06b_chat,hidden_budget,internal,rest_top1,False,-0.00011766436240625566,-0.00036437648072708934,0.00012904775591457806,,,-0.00014708045300781958,0.00022062067951167386,-0.00029416090601563916,-0.00022062067951167386,-0.00014708045300781958
qwen25_15b_chat,none,public,answer_set_probability,True,0.005141187025251482,0.0019037469117341803,0.008378627138768783,0.00011013471212658124,0.010172239338376382,0.0013318930992725075,0.008137105178718518,0.006935225547004209,0.004590788317919703,0.004710922983342469
qwen25_15b_chat,none,public,answer_set_nll,False,-0.0030532625560242277,-0.010776484060947888,0.004669958948899432,,,0.005913857891076457,-0.008941833854559489,-0.008705956047216912,-0.0032504222615543643,-0.00028195850786683074
qwen25_15b_chat,none,public,content_micro_ce,False,-0.00011461305290166312,-0.0003954704925304605,0.00016624438672713425,,,0.00015187304118813305,-7.462368390612206e-05,-8.862119767749643e-07,-0.0002005714425880878,-0.00044885696722546387
qwen25_15b_chat,none,public,content_macro_ce,False,0.0015718340912141305,0.00017267633860102967,0.0029709918438272313,,,0.0034385977533031298,0.0006436049442695158,0.001539847310454756,0.0007181054787220309,0.0015190149693212196
qwen25_15b_chat,none,public,total_micro_ce,False,0.0003150998614610989,-0.0005079435892337239,0.0011381433121559219,,,0.0013061935776617628,0.0001402357911301777,-0.0004765278460022171,6.022223717966346e-05,0.0005453755473361077
qwen25_15b_chat,none,public,eos_ce,False,0.0038374375310389563,-0.0036516716545789527,0.011326546716656866,,,0.010768107735907861,0.0019014293631403612,-0.0043753411903343364,0.0021979364448058147,0.008695055301675081
qwen25_15b_chat,none,public,content_top1,False,1.768614669395152e-05,-0.0002890121931885553,0.00032438448657645837,,,0.0003158240481063723,-5.0531847696988486e-05,-0.0003410899719549221,0.0,0.00016422850501529584
qwen25_15b_chat,none,public,first_ce,False,0.006749958007478418,0.0018391919006483896,0.011660724114308447,,,0.012806234890967994,0.00459203796393326,0.006048848565412879,0.0023558147591702383,0.00794685385790772
qwen25_15b_chat,none,public,first_top1,False,-0.003168685927306636,-0.005359398373003707,-0.0009779734816095648,,,-0.001553277415346388,-0.0037278657968313755,-0.005488246867557223,-0.0012426219322770882,-0.003831417624521105
qwen25_15b_chat,none,public,rest_ce,False,-0.001068429008500793,-0.0016961278963631243,-0.00044073012063846175,,,-0.0016064206867192551,-0.0007230453114105556,-0.0008414825882198801,-0.000555775274912941,-0.0016154211812413333
qwen25_15b_chat,none,public,rest_top1,False,0.00046042502985568225,0.00020400812960621507,0.0007168419301051494,,,0.000575531287319575,0.00046042502985577105,0.000374095336757696,0.00017265938619592802,0.000719414109149441
qwen25_15b_chat,none,public,em,False,-0.0025473749611680586,-0.004344229741076995,-0.0007505201812591223,,,-0.001553277415346388,-0.0012426219322770882,-0.004659832246039164,-0.0018639328984155767,-0.0034172103137620757
qwen25_15b_chat,none,public,f1,False,0.0002976400968659254,-6.547513288459212e-05,0.0006607553266164429,,,-0.00017080321756168804,0.0005184069081637377,0.0005687262919978897,0.0002946366930941524,0.00027723380863553526
qwen25_15b_chat,none,public,avg,False,-0.001124867432150878,-0.001960670658478432,-0.0002890642058233238,,,-0.0008620403164538715,-0.00036210751205612013,-0.0020455529770208036,-0.0007846481026608787,-0.0015699882525627151
qwen25_15b_chat,none,public,generated_tokens,False,0.1609816713264987,0.07237442249566323,0.2495889201573342,,,0.20068344206275235,0.1870146008077036,0.1087294190742476,0.06679092885989313,0.2416899658278968
qwen25_15b_chat,none,public,hit_token_cap,False,0.0,0.0,0.0,,,0.0,0.0,0.0,0.0,0.0
qwen25_15b_chat,none,internal,answer_set_probability,False,0.0062745407170607835,0.004566299785375371,0.007982781648746195,,,0.004565472114958724,0.006175535444008229,0.008370330894410416,0.005809357075328314,0.006452008056598235
qwen25_15b_chat,none,internal,answer_set_nll,False,-0.017737022670976987,-0.024115626198032918,-0.011358419143921059,,,-0.024440975130271436,-0.010401833016628892,-0.018936464596206015,-0.015838483581603224,-0.01906735703017537
qwen25_15b_chat,none,internal,content_micro_ce,False,-0.0014368737519014519,-0.0024710857725776247,-0.000402661731225279,,,-0.0025243534623460573,-0.00030210595778107363,-0.001084788016954108,-0.0014118086999116153,-0.001861312622514405
qwen25_15b_chat,none,internal,content_macro_ce,False,-0.0016580219443197764,-0.0024392384740211537,-0.0008768054146183992,,,-0.0023570142914321746,-0.0006445584117005243,-0.0016546272446658072,-0.0019096510054290583,-0.0017242587683713173
qwen25_15b_chat,none,internal,total_micro_ce,False,-0.0011647923409840554,-0.0015836759762091368,-0.000745908705758974,,,-0.0016050416784156862,-0.0006830895835629736,-0.001243559831666019,-0.0010401150582527163,-0.0012521555530228823
qwen25_15b_chat,none,internal,eos_ce,False,0.0027062803400259906,-0.006451625382261768,0.011864186062313748,,,0.011474582982836878,-0.006103582298237598,-0.0035025059036279393,0.004248203232509351,0.00741470368664926
qwen25_15b_chat,none,internal,content_top1,False,0.0005059483112266116,0.00021432682190650144,0.0007975698005467218,,,0.0005469711472719796,0.0002734855736360453,0.0002734855736360453,0.0006153425406809632,0.0008204567209080249
qwen25_15b_chat,none,internal,first_ce,False,-0.007069737941311116,-0.012258182443300398,-0.001881293439321835,,,-0.011311563775975975,-0.0013352647341753343,-0.011052809118434537,-0.005812348147441249,-0.005836703930528486
qwen25_15b_chat,none,internal,first_top1,False,0.004085603112840452,-0.001275375657947479,0.009446581883628385,,,-0.0009727626459143934,0.0009727626459143934,0.009727626459143934,0.006809338521400754,0.0038910505836575737
qwen25_15b_chat,none,internal,rest_ce,False,-0.0010110328645126273,-0.0019126842393014213,-0.00010938148972383329,,,-0.0018600460493138765,-0.0002239998228984949,-0.00033121207252693324,-0.0010791307655050528,-0.0015607756123187794
qwen25_15b_chat,none,internal,rest_top1,False,0.00023532872481244472,-0.00031025720314733964,0.000780914652772229,,,0.0006618620385350216,0.00022062067951167386,-0.0004412413590233477,0.00014708045300770856,0.0005883218120311673
qwen25_15b_chat,hidden_budget,public,answer_set_probability,True,0.005540352538983417,0.0033854847891009797,0.007695220288865854,0.0021916412123217295,0.008889063865645105,0.0026259213848379703,0.007030701485958635,0.0063992848472748665,0.006289232942203571,0.0053566220346420446
qwen25_15b_chat,hidden_budget,public,answer_set_nll,False,-0.004181325768960464,-0.009447041184591706,0.0010843896466707767,,,0.0022598742103454583,-0.004707670887117432,-0.006406130104369412,-0.00906075993511557,-0.0029919421285453662
qwen25_15b_chat,hidden_budget,public,content_micro_ce,False,0.00012859792480587328,-0.00017888391929992225,0.00043607976891166884,,,0.0005100711436965,9.964523707370332e-05,-7.293805542030185e-05,0.00020627414573878844,-0.00010006284705932345
qwen25_15b_chat,hidden_budget,public,content_macro_ce,False,0.001691141317956646,0.00035049242427104624,0.0030317902116422457,,,0.0035589795308119676,0.0008004112650044637,0.0014330747247041087,0.001164514493179447,0.0014987265760832424
qwen25_15b_chat,hidden_budget,public,total_micro_ce,False,0.0002559706757622182,-0.0005225357610773501,0.0010344771126017866,,,0.001020133701115311,0.000638567387708594,-0.0002397193550843224,-0.0005080091044902257,0.0003688807495617341
qwen25_15b_chat,hidden_budget,public,eos_ce,False,0.0013000394569760987,-0.005061037637435683,0.007661116551387881,,,0.005201093825393188,0.005056088315522622,-0.0016068182593839686,-0.0063629571754884595,0.004212790578837111
qwen25_15b_chat,hidden_budget,public,content_top1,False,-0.00016675509740011752,-0.00024311817959090518,-9.039201520932987e-05,,,-0.00010106369539397697,-0.0001389625811667461,-0.00026529220040938384,-0.0001768614669395152,-0.00015159554309096546
qwen25_15b_chat,hidden_budget,public,first_ce,False,0.006604801048616249,0.0020172306441346944,0.011192371453097802,,,0.012220363093307984,0.006484395368994367,0.006176039509938391,0.0018315087218296888,0.0063116985490108135
qwen25_15b_chat,hidden_budget,public,first_top1,False,-0.0037278657968313313,-0.005923101397610337,-0.001532630196052326,,,-0.0023816920368644467,-0.004452728590659594,-0.0057989023506265225,-0.0014497255876566584,-0.004556280418349434
qwen25_15b_chat,hidden_budget,public,rest_ce,False,-0.0007712552221508156,-0.0013132160402775342,-0.00022929440402409706,,,-0.0011170462986046722,-0.0007875007323935521,-0.0009412187470462588,-1.9548364747649927e-05,-0.0009909619679619452
qwen25_15b_chat,hidden_budget,public,rest_top1,False,0.0003280528337721744,6.025036774385742e-05,0.0005958552998004915,,,0.000215824232744799,0.00046042502985577105,0.000503589876404642,0.0,0.00046042502985566003
qwen25_15b_chat,hidden_budget,public,em,False,-0.002609506057781941,-0.0055165880451567995,0.00029757592959291784,,,-0.001553277415346388,-0.0021745883814849876,-0.005902454178316252,0.0003106554830692998,-0.0037278657968313755
qwen25_15b_chat,hidden_budget,public,f1,False,0.0006204484470319294,-0.0005335805739757831,0.0017744774680396418,,,0.0006203260654314979,0.0009913603366527024,-0.0004524852603595697,0.0019513242283537569,-8.283134918740664e-06
qwen25_15b_chat,hidden_budget,public,avg,False,-0.0009945288053747393,-0.0030050396348080305,0.001015982024058552,,,-0.0004664756749572785,-0.0005916140224156985,-0.0031774697193379664,0.0011309898557114728,-0.0018680744658742254
qwen25_15b_chat,hidden_budget,public,generated_tokens,False,0.15296675986331146,0.040527833993780946,0.26540568573284196,,,0.17800559179869602,0.25722273998136025,0.1404162783473133,0.009940975458215817,0.17924821373097188
qwen25_15b_chat,hidden_budget,public,hit_token_cap,False,0.0,0.0,0.0,,,0.0,0.0,0.0,0.0,0.0
qwen25_15b_chat,hidden_budget,internal,answer_set_probability,False,0.00639243998295157,0.004960041586443505,0.007824838379459634,,,0.005089916614095191,0.005538418460831529,0.008043822542729284,0.0067911429609476825,0.0064988993361541625
qwen25_15b_chat,hidden_budget,internal,answer_set_nll,False,-0.01579675216962704,-0.021403151958960198,-0.010190352380293878,,,-0.021776005969847745,-0.009781477365622404,-0.018306577835979887,-0.014202668015973252,-0.014917031660711899
qwen25_15b_chat,hidden_budget,internal,content_micro_ce,False,-0.0011641508616167307,-0.0019335897374788856,-0.0003947119857545759,,,-0.002054721797286385,-0.0005677425773632505,-0.0012688647107399753,-0.0005795531383166463,-0.001349872084377396
qwen25_15b_chat,hidden_budget,internal,content_macro_ce,False,-0.001363851160384455,-0.0020755026194060828,-0.0006521997013628272,,,-0.0020336500258631707,-0.0007678569188369899,-0.0018589214062061932,-0.000852224741542229,-0.001306602709473692
qwen25_15b_chat,hidden_budget,internal,total_micro_ce,False,-0.0010373745515763698,-0.0014055474775655388,-0.0006692016255872009,,,-0.0014300328438101306,-0.0006423507558362129,-0.0012021950948886417,-0.0009326908598709938,-0.0009796032034758706
qwen25_15b_chat,hidden_budget,internal,eos_ce,False,0.000766351431546941,-0.005730960098299561,0.007263662961393443,,,0.0074578082394049505,-0.0017038480499462771,-0.00025364470438021813,-0.00595700245078018,0.00428844412343643
qwen25_15b_chat,hidden_budget,internal,content_top1,False,0.0003965540817721713,6.017549151267695e-05,0.0007329326720316657,,,6.837139340898357e-05,0.00020511418022695072,0.00041022836045401245,0.0005469711472719796,0.0007520853274989303
qwen25_15b_chat,hidden_budget,internal,first_ce,False,-0.006727332033439737,-0.011692347562911497,-0.0017623165039679757,,,-0.010535871995076551,-0.0012122615408567405,-0.010766601248405117,-0.005571434695585298,-0.005550490687274978
qwen25_15b_chat,hidden_budget,internal,first_top1,False,0.004280155642023331,-0.0019140960567223964,0.010474407340769059,,,-0.0019455252918287869,0.0009727626459143934,0.009727626459143934,0.008754863813229541,0.0038910505836575737
qwen25_15b_chat,hidden_budget,internal,rest_ce,False,-0.000743577965261838,-0.0013367658951326557,-0.00015039003539102033,,,-0.0014135523309436737,-0.0005190173608261295,-0.0005508419749907373,-0.00020217012310320276,-0.0010323080364454465
qwen25_15b_chat,hidden_budget,internal,rest_top1,False,0.0001029563171054182,-0.0002768411846980377,0.00048275381890887413,,,0.00022062067951167386,0.00014708045300781958,-0.00029416090601563916,-7.35402265039653e-05,0.000514781585527202
