stage,role,arm,candidate,seed,hidden_lr,boundary_lr_ratio,primary,lf_correct_pct,query_valid_pct,run
search,,hidden,c0,7200,0.0002,1.0,81.15234375,76.07421875,98.73046875,search_hidden_c0_s7200
search,,hidden,c0,7201,0.0002,1.0,82.51953125,78.125,99.21875,search_hidden_c0_s7201
search,,hidden,c1,7200,0.0001,1.0,80.6640625,75.09765625,99.70703125,search_hidden_c1_s7200
search,,hidden,c1,7201,0.0001,1.0,80.859375,76.3671875,99.12109375,search_hidden_c1_s7201
search,,hidden,c2,7200,0.0004,1.0,82.12890625,77.24609375,99.21875,search_hidden_c2_s7200
search,,hidden,c2,7201,0.0004,1.0,83.203125,79.1015625,99.4140625,search_hidden_c2_s7201
search,,hidden,c3,7200,5e-05,1.0,79.1015625,73.2421875,99.90234375,search_hidden_c3_s7200
search,,hidden,c3,7201,5e-05,1.0,77.34375,71.38671875,99.8046875,search_hidden_c3_s7201
search,,hidden,c4,7200,0.0003,1.0,81.4453125,75.78125,99.0234375,search_hidden_c4_s7200
search,,hidden,c4,7201,0.0003,1.0,83.3984375,78.80859375,99.21875,search_hidden_c4_s7201
search,,hidden,c5,7200,0.0008,1.0,82.03125,77.1484375,98.4375,search_hidden_c5_s7200
search,,hidden,c5,7201,0.0008,1.0,83.10546875,78.22265625,99.51171875,search_hidden_c5_s7201
search,,hidden_budget,c0,7200,0.0002,1.0,80.859375,75.9765625,98.828125,search_hidden_budget_c0_s7200
search,,hidden_budget,c0,7201,0.0002,1.0,81.93359375,77.63671875,99.12109375,search_hidden_budget_c0_s7201
search,,hidden_budget,c1,7200,0.0001,1.0,80.46875,75.1953125,99.609375,search_hidden_budget_c1_s7200
search,,hidden_budget,c1,7201,0.0001,1.0,81.0546875,76.46484375,99.21875,search_hidden_budget_c1_s7201
search,,hidden_budget,c2,7200,0.0004,1.0,81.4453125,76.5625,98.92578125,search_hidden_budget_c2_s7200
search,,hidden_budget,c2,7201,0.0004,1.0,84.08203125,80.17578125,99.4140625,search_hidden_budget_c2_s7201
search,,hidden_budget,c3,7200,5e-05,1.0,78.61328125,72.75390625,99.90234375,search_hidden_budget_c3_s7200
search,,hidden_budget,c3,7201,5e-05,1.0,77.734375,71.6796875,99.8046875,search_hidden_budget_c3_s7201
search,,hidden_budget,c4,7200,0.0003,1.0,81.93359375,76.26953125,99.21875,search_hidden_budget_c4_s7200
search,,hidden_budget,c4,7201,0.0003,1.0,83.49609375,78.80859375,99.12109375,search_hidden_budget_c4_s7201
search,,hidden_budget,c5,7200,0.0008,1.0,82.71484375,79.1015625,98.4375,search_hidden_budget_c5_s7200
search,,hidden_budget,c5,7201,0.0008,1.0,82.51953125,78.90625,99.609375,search_hidden_budget_c5_s7201
search,,hidden_both,c0,7200,0.0002,1.0,81.93359375,77.1484375,98.53515625,search_hidden_both_c0_s7200
search,,hidden_both,c0,7201,0.0002,1.0,82.6171875,78.515625,98.92578125,search_hidden_both_c0_s7201
search,,hidden_both,c1,7200,0.0002,0.25,82.2265625,77.05078125,98.53515625,search_hidden_both_c1_s7200
search,,hidden_both,c1,7201,0.0002,0.25,82.91015625,78.515625,99.21875,search_hidden_both_c1_s7201
search,,hidden_both,c2,7200,0.0001,1.0,80.95703125,75.48828125,99.21875,search_hidden_both_c2_s7200
search,,hidden_both,c2,7201,0.0001,1.0,81.54296875,76.7578125,99.0234375,search_hidden_both_c2_s7201
search,,hidden_both,c3,7200,0.0001,0.25,81.73828125,76.46484375,99.51171875,search_hidden_both_c3_s7200
search,,hidden_both,c3,7201,0.0001,0.25,81.8359375,76.953125,99.0234375,search_hidden_both_c3_s7201
search,,hidden_both,c4,7200,0.0004,1.0,83.49609375,78.41796875,99.0234375,search_hidden_both_c4_s7200
search,,hidden_both,c4,7201,0.0004,1.0,83.69140625,79.58984375,99.70703125,search_hidden_both_c4_s7201
search,,hidden_both,c5,7200,0.0004,0.25,82.32421875,77.44140625,98.4375,search_hidden_both_c5_s7200
search,,hidden_both,c5,7201,0.0004,0.25,83.7890625,80.56640625,99.51171875,search_hidden_both_c5_s7201
confirmation,tuned_hidden,hidden,c2,7300,0.0004,1.0,82.373046875,78.3203125,99.169921875,confirmation_hidden_c2_s7300
confirmation,tuned_hidden,hidden,c2,7301,0.0004,1.0,83.49609375,79.150390625,98.095703125,confirmation_hidden_c2_s7301
confirmation,tuned_hidden,hidden,c2,7302,0.0004,1.0,82.32421875,77.978515625,99.072265625,confirmation_hidden_c2_s7302
confirmation,tuned_hidden,hidden,c2,7303,0.0004,1.0,82.71484375,78.662109375,99.560546875,confirmation_hidden_c2_s7303
confirmation,tuned_hidden,hidden,c2,7304,0.0004,1.0,83.154296875,78.271484375,98.681640625,confirmation_hidden_c2_s7304
confirmation,tuned_budget,hidden_budget,c2,7300,0.0004,1.0,82.080078125,78.076171875,99.072265625,confirmation_hidden_budget_c2_s7300
confirmation,tuned_budget,hidden_budget,c2,7301,0.0004,1.0,82.373046875,78.369140625,98.046875,confirmation_hidden_budget_c2_s7301
confirmation,tuned_budget,hidden_budget,c2,7302,0.0004,1.0,82.03125,77.9296875,98.779296875,confirmation_hidden_budget_c2_s7302
confirmation,tuned_budget,hidden_budget,c2,7303,0.0004,1.0,83.0078125,79.00390625,99.755859375,confirmation_hidden_budget_c2_s7303
confirmation,tuned_budget,hidden_budget,c2,7304,0.0004,1.0,83.59375,78.41796875,98.6328125,confirmation_hidden_budget_c2_s7304
confirmation,tuned_heu,hidden_both,c4,7300,0.0004,1.0,83.49609375,79.78515625,99.90234375,confirmation_hidden_both_c4_s7300
confirmation,tuned_heu,hidden_both,c4,7301,0.0004,1.0,83.447265625,79.931640625,98.73046875,confirmation_hidden_both_c4_s7301
confirmation,tuned_heu,hidden_both,c4,7302,0.0004,1.0,82.763671875,79.00390625,99.51171875,confirmation_hidden_both_c4_s7302
confirmation,tuned_heu,hidden_both,c4,7303,0.0004,1.0,82.8125,79.345703125,99.70703125,confirmation_hidden_both_c4_s7303
confirmation,tuned_heu,hidden_both,c4,7304,0.0004,1.0,83.837890625,79.150390625,99.4140625,confirmation_hidden_both_c4_s7304
confirmation,anchor_budget,hidden_budget,c0,7300,0.0002,1.0,80.810546875,76.611328125,98.583984375,confirmation_hidden_budget_c0_s7300
confirmation,anchor_budget,hidden_budget,c0,7301,0.0002,1.0,80.17578125,75.9765625,98.33984375,confirmation_hidden_budget_c0_s7301
confirmation,anchor_budget,hidden_budget,c0,7302,0.0002,1.0,80.37109375,76.3671875,98.14453125,confirmation_hidden_budget_c0_s7302
confirmation,anchor_budget,hidden_budget,c0,7303,0.0002,1.0,80.615234375,76.318359375,98.876953125,confirmation_hidden_budget_c0_s7303
confirmation,anchor_budget,hidden_budget,c0,7304,0.0002,1.0,80.419921875,75.68359375,99.0234375,confirmation_hidden_budget_c0_s7304
confirmation,anchor_heu,hidden_both,c0,7300,0.0002,1.0,81.005859375,77.05078125,98.828125,confirmation_hidden_both_c0_s7300
confirmation,anchor_heu,hidden_both,c0,7301,0.0002,1.0,82.373046875,78.125,98.33984375,confirmation_hidden_both_c0_s7301
confirmation,anchor_heu,hidden_both,c0,7302,0.0002,1.0,82.03125,77.783203125,98.876953125,confirmation_hidden_both_c0_s7302
confirmation,anchor_heu,hidden_both,c0,7303,0.0002,1.0,81.0546875,76.806640625,99.4140625,confirmation_hidden_both_c0_s7303
confirmation,anchor_heu,hidden_both,c0,7304,0.0002,1.0,82.177734375,77.34375,98.828125,confirmation_hidden_both_c0_s7304
